attacker_model,victim_model,attack_method,num_rows,breach_rate_pct,impact_mean
ArcFace,Facenet512,SI_NI_FGSM,30,33.33333333333333,0.26145975521455206
ArcFace,Facenet512,MI_FGSM,30,26.666666666666668,0.22763632702020306
ArcFace,Facenet512,MI_ADMIX_DI_TI,30,20.0,0.18866711833203834
ArcFace,Facenet512,TI_FGSM,30,16.666666666666664,0.17027477256100004
ArcFace,Facenet512,PGD,30,6.666666666666667,0.11161230386545261
ArcFace,GhostFaceNet,MI_FGSM,30,30.0,0.09478865352769694
ArcFace,GhostFaceNet,SI_NI_FGSM,30,30.0,0.09656620851407448
ArcFace,GhostFaceNet,TI_FGSM,30,30.0,0.07364271550128859
ArcFace,GhostFaceNet,MI_ADMIX_DI_TI,30,26.666666666666668,0.06976664790418
ArcFace,GhostFaceNet,PGD,30,23.333333333333332,0.060424256573120755
ArcFace,IR152,SI_NI_FGSM,30,13.333333333333334,0.19710029972096285
ArcFace,IR152,MI_ADMIX_DI_TI,30,6.666666666666667,0.1334922437556088
ArcFace,IR152,MI_FGSM,30,6.666666666666667,0.15919121329983074
ArcFace,IR152,PGD,30,6.666666666666667,0.07124444376677273
ArcFace,IR152,TI_FGSM,30,6.666666666666667,0.12154831166068711
ArcFace,VGG-Face,SI_NI_FGSM,30,30.0,0.1419174388671915
ArcFace,VGG-Face,MI_ADMIX_DI_TI,30,23.333333333333332,0.10169771543393534
ArcFace,VGG-Face,MI_FGSM,30,23.333333333333332,0.11498470660299064
ArcFace,VGG-Face,TI_FGSM,30,23.333333333333332,0.09604408014565707
ArcFace,VGG-Face,PGD,30,13.333333333333334,0.05912734139710666
Facenet512,ArcFace,SI_NI_FGSM,30,53.333333333333336,0.21211650401043397
Facenet512,ArcFace,MI_FGSM,30,36.666666666666664,0.19193501073556646
Facenet512,ArcFace,MI_ADMIX_DI_TI,30,30.0,0.1720505766104907
Facenet512,ArcFace,PGD,30,30.0,0.1462927184222887
Facenet512,ArcFace,TI_FGSM,30,30.0,0.163510107047235
Facenet512,GhostFaceNet,SI_NI_FGSM,30,40.0,0.1052062432281673
Facenet512,GhostFaceNet,MI_FGSM,30,36.666666666666664,0.0914796760926644
Facenet512,GhostFaceNet,MI_ADMIX_DI_TI,30,33.33333333333333,0.1038450303177039
Facenet512,GhostFaceNet,PGD,30,26.666666666666668,0.06900767002565165
Facenet512,GhostFaceNet,TI_FGSM,30,26.666666666666668,0.08410006867003782
Facenet512,IR152,MI_FGSM,30,20.0,0.20637596743181347
Facenet512,IR152,SI_NI_FGSM,30,16.666666666666664,0.22106835364053648
Facenet512,IR152,MI_ADMIX_DI_TI,30,13.333333333333334,0.19272425984963776
Facenet512,IR152,PGD,30,6.666666666666667,0.12120074337969224
Facenet512,IR152,TI_FGSM,30,6.666666666666667,0.17554520157476267
Facenet512,VGG-Face,SI_NI_FGSM,30,56.666666666666664,0.21327587968359393
Facenet512,VGG-Face,MI_FGSM,30,50.0,0.18555174488574266
Facenet512,VGG-Face,MI_ADMIX_DI_TI,30,43.333333333333336,0.17765155900269747
Facenet512,VGG-Face,TI_FGSM,30,40.0,0.16283742754409714
Facenet512,VGG-Face,PGD,30,30.0,0.13392375564823547
GhostFaceNet,ArcFace,MI_FGSM,30,20.0,0.08114120888834199
GhostFaceNet,ArcFace,SI_NI_FGSM,30,20.0,0.09195406677511832
GhostFaceNet,ArcFace,MI_ADMIX_DI_TI,30,16.666666666666664,0.05615793021085363
GhostFaceNet,ArcFace,PGD,30,16.666666666666664,0.046070195315405724
GhostFaceNet,ArcFace,TI_FGSM,30,16.666666666666664,0.056376525138815255
GhostFaceNet,Facenet512,SI_NI_FGSM,30,6.666666666666667,0.13369227070361375
GhostFaceNet,Facenet512,MI_FGSM,30,3.3333333333333335,0.11862629805691541
GhostFaceNet,Facenet512,MI_ADMIX_DI_TI,30,0.0,0.08888589510073265
GhostFaceNet,Facenet512,PGD,30,0.0,0.05696126160522302
GhostFaceNet,Facenet512,TI_FGSM,30,0.0,0.07079194551333785
GhostFaceNet,IR152,SI_NI_FGSM,30,3.3333333333333335,0.11931369078035155
GhostFaceNet,IR152,TI_FGSM,30,3.3333333333333335,0.07344498938570419
GhostFaceNet,IR152,MI_ADMIX_DI_TI,30,0.0,0.0788259450967113
GhostFaceNet,IR152,MI_FGSM,30,0.0,0.0987629223925372
GhostFaceNet,IR152,PGD,30,0.0,0.05043629752472042
GhostFaceNet,VGG-Face,MI_ADMIX_DI_TI,30,10.0,0.045043880430360644
GhostFaceNet,VGG-Face,MI_FGSM,30,10.0,0.056180995578567185
GhostFaceNet,VGG-Face,SI_NI_FGSM,30,10.0,0.07272529595841964
GhostFaceNet,VGG-Face,TI_FGSM,30,10.0,0.03686571574459474
GhostFaceNet,VGG-Face,PGD,30,6.666666666666667,0.02543174959719182
VGG-Face,ArcFace,MI_FGSM,30,50.0,0.2133641446164499
VGG-Face,ArcFace,MI_ADMIX_DI_TI,30,43.333333333333336,0.2097824128655096
VGG-Face,ArcFace,SI_NI_FGSM,30,43.333333333333336,0.2095477570624401
VGG-Face,ArcFace,TI_FGSM,30,43.333333333333336,0.1884913014403234
VGG-Face,ArcFace,PGD,30,36.666666666666664,0.16160417396264773
VGG-Face,Facenet512,MI_FGSM,30,53.333333333333336,0.40879744101936616
VGG-Face,Facenet512,SI_NI_FGSM,30,53.333333333333336,0.3859716597944498
VGG-Face,Facenet512,MI_ADMIX_DI_TI,30,50.0,0.39014453267057736
VGG-Face,Facenet512,TI_FGSM,30,40.0,0.33211931890497604
VGG-Face,Facenet512,PGD,30,36.666666666666664,0.2671480833319947
VGG-Face,GhostFaceNet,MI_ADMIX_DI_TI,30,36.666666666666664,0.0997267922386527
VGG-Face,GhostFaceNet,TI_FGSM,30,33.33333333333333,0.08520479497189323
VGG-Face,GhostFaceNet,MI_FGSM,30,30.0,0.10025827766706547
VGG-Face,GhostFaceNet,SI_NI_FGSM,30,30.0,0.09410222380732497
VGG-Face,GhostFaceNet,PGD,30,23.333333333333332,0.06529956546922525
VGG-Face,IR152,MI_ADMIX_DI_TI,30,13.333333333333334,0.18679811622326573
VGG-Face,IR152,MI_FGSM,30,13.333333333333334,0.17269302203009526
VGG-Face,IR152,SI_NI_FGSM,30,13.333333333333334,0.16010177781184515
VGG-Face,IR152,PGD,30,3.3333333333333335,0.09457557881250978
VGG-Face,IR152,TI_FGSM,30,3.3333333333333335,0.13773307014877598
